ID;Photo;Name;Reference;Category;Base price;Final price;Quantity;Status;	
759;http://172.16.220.164/bookstore/img/p/0.jpg;PSICOMOTRICIDAD Y EXPRESION ARTISTICA NO. 02;7467634946761;Grade-0;1500.000000;1687.5;10;1;	
373;http://172.16.220.164/bookstore/img/p/0.jpg;DICCIONARIO ESCOLAR DEL ESPANOL;9788430598465;Grade-0;1500.000000;1687.5;10;1;	
2229;http://172.16.220.164/bookstore/img/p/0.jpg;CUADERNO DE GUPI 5 - 2DO.TRIMESTRE;9789945113129;Grade-5;415.000000;364.16;0;1;	
2354;http://172.16.220.164/bookstore/img/p/0.jpg;LENGUA Y LITERATURA 4 (4TO BACH) SERIE INNOVA;9789945118346;Grade-12;1.100000;0.97;0;1;	
270;http://172.16.220.164/bookstore/img/p/0.jpg;ABEJITAS NO. 01;9789945120769;Grade-0;1500.000000;1687.5;10;1;	
499;http://172.16.220.164/bookstore/img/p/0.jpg;FIREFLIES NO. 2 (CUADERNO);9786074261387;Grade-0;1500.000000;1687.5;10;1;	
334;http://172.16.220.164/bookstore/img/p/0.jpg;CIENCIAS NATURALES NO. 7 SERIE QUISQUEYA;9789945122336;Grade-0;1500.000000;1687.5;10;1;	
669;http://172.16.220.164/bookstore/img/p/0.jpg;MI CALIGRAFIA NACHO NO. 4;9789945122763;Grade-0;1500.000000;1687.5;10;1;	
2197;http://172.16.220.164/bookstore/img/p/0.jpg;CUADERNO DE LISATOMAS Y SUS AMIGOS 3 - 3ER. TRIMESTRE (SCRIPT);9789945117707;Grade-3;520.000000;456.3;10;1;	 
2258;http://172.16.220.164/bookstore/img/p/0.jpg;CALIGRAFIA 7 SERIE INNOVA;9789945117523;Grade-7;490.000000;429.98;0;1;	
2322;http://172.16.220.164/bookstore/img/p/0.jpg;KIT INFORMATICA 5 SERIE CORAL & CD;9789945115420;Grade-5;605.000000;530.89;0;1;	
2383;http://172.16.220.164/bookstore/img/p/0.jpg;SOCIEDAD 4 (4TO BACH)  SERIE INNOVA;9789945118421;Grade-12;1.100000;0.97;0;1;	
436;http://172.16.220.164/bookstore/img/p/0.jpg;EDUCACION SEXUAL NO. 5;9789945121018;Grade-0;1500.000000;1687.5;10;1;	
302;http://172.16.220.164/bookstore/img/p/0.jpg;CALIGRAFIA INICIAL NO. 01;9789945123043;Grade-0;1500.000000;1687.5;10;1;	
574;http://172.16.220.164/bookstore/img/p/0.jpg;LENGUA ESPANOLA NO. 4 (SERIE QUISQUEYA);9789945121636;Grade-0;1500.000000;1687.5;10;1;	
771;http://172.16.220.164/bookstore/img/p/0.jpg;QUIMICA NO. 3 (SERIE QUISQUEYA);9789945121810;Grade-0;1500.000000;1687.5;10;1;	
379;http://172.16.220.164/bookstore/img/p/0.jpg;DON QUIJOTE DE LA MANCHA (BIBLIOTECA SUSAETA);7467634940523;Grade-0;1500.000000;1687.5;10;1;	
783;http://172.16.220.164/bookstore/img/p/0.jpg;RISAS Y LAGRIMAS;9789945122695;Grade-0;1500.000000;1687.5;10;1;	
385;http://172.16.220.164/bookstore/img/p/0.jpg;EDUCACION ARTISTICA NO. 3;9789945122251;Grade-0;1500.000000;1687.5;10;1;	
2232;http://172.16.220.164/bookstore/img/p/0.jpg;CUADERNO DE GUPI 3 - 2ER. TRIMESTRE (SCRIPT);9789945115871;Grade-3;415.000000;364.16;0;1;	
2293;http://172.16.220.164/bookstore/img/p/0.jpg;EDUCACION SEXUAL 4 SERIE CORAL;9789945115659;Grade-4;590.000000;517.73;0;1;	
2418;http://172.16.220.164/bookstore/img/p/0.jpg;CUADERNO DE BIOLOGIA 3 (3ER BACH) SERIE CORAL;9789945114317;Grade-11;395.000000;346.61;0;1;	
273;http://172.16.220.164/bookstore/img/p/0.jpg;ALL AROUND NO. 1;9786074261103;Grade-0;1500.000000;1687.5;10;1;	
505;http://172.16.220.164/bookstore/img/p/0.jpg;FIREFLIES NO. 4;9786074261349;Grade-0;1500.000000;1687.5;10;1;	
337;http://172.16.220.164/bookstore/img/p/0.jpg;CIVICA NO. 2 (ED. BASICA);9789945123081;Grade-0;1500.000000;1687.5;10;1;	
680;http://172.16.220.164/bookstore/img/p/0.jpg;MI CALIGRAFIA NACHO NO. 7;9789945122794;Grade-0;1500.000000;1687.5;10;1;	
2200;http://172.16.220.164/bookstore/img/p/0.jpg;CUADERNO DE LISA TOMAS Y SUS AMIGOS 4 - 3RO. TRIMESTRE (SCRIPT);9789945117738;Grade-4;520.000000;456.3;10;1;	
2261;http://172.16.220.164/bookstore/img/p/0.jpg;MATEMATICAS 2 TODOS JUNTOS;9789945119237;Grade-2;1.045000;0.92;0;1;	
2325;http://172.16.220.164/bookstore/img/p/0.jpg;KIT INFORMATICA 8 SERIE CORAL & CD;9789945115451;Grade-8;605.000000;530.89;0;1;	
442;http://172.16.220.164/bookstore/img/p/0.jpg;EDUCACION SEXUAL NO. 8;9789945121049;Grade-0;1500.000000;1687.5;10;1;	
305;http://172.16.220.164/bookstore/img/p/0.jpg;CALIGRAFIA PALMER;7467634940233;Grade-0;1500.000000;1687.5;10;1;	
582;http://172.16.220.164/bookstore/img/p/0.jpg;LENGUA ESPANOLA NO. 7 (SERIE QUISQUEYA);9789945121667;Grade-0;1500.000000;1687.5;10;1;	
590;http://172.16.220.164/bookstore/img/p/0.jpg;LENGUA Y LITERATURA NO. 2 (SERIE QUISQUEYA);9789945121704;Grade-0;1500.000000;1687.5;10;1;	
795;http://172.16.220.164/bookstore/img/p/0.jpg;SEXUALIDAD Y DESARROLLO HUMANO NO. 2;9789945121926;Grade-0;1500.000000;1687.5;10;1;	
391;http://172.16.220.164/bookstore/img/p/0.jpg;EDUCACION ARTISTICA NO. 6;9789945122282;Grade-0;1500.000000;1687.5;10;1;	
2235;http://172.16.220.164/bookstore/img/p/0.jpg;CUADERNO DE GUPI 4 - 2DO. TRIMESTRE (SCRIPT);9789945115901;Grade-4;415.000000;364.16;0;1;	
2296;http://172.16.220.164/bookstore/img/p/0.jpg;EDUCACION SEXUAL 7 SERIE CORAL;9789945115680;Grade-7;590.000000;517.73;0;1;	
2360;http://172.16.220.164/bookstore/img/p/0.jpg;CUAD. LENGUA Y LITERATURA 2 (2DO BACH) SERIE CORAL;9789945114171;Grade-10;395.000000;346.61;0;1;	
2421;http://172.16.220.164/bookstore/img/p/0.jpg;CUADERNO DE QUIMICA 3 (4TO BACH) SERIE CORAL;9789945114485;Grade-10;395.000000;346.61;0;1;	
276;http://172.16.220.164/bookstore/img/p/0.jpg;ALL AROUND NO. 4;9786074261134;Grade-0;1500.000000;1687.5;10;1;	
511;http://172.16.220.164/bookstore/img/p/0.jpg;FIREFLIES NO. 5 (CUADERNO);9786074261417;Grade-0;1500.000000;1687.5;10;1;	
340;http://172.16.220.164/bookstore/img/p/0.jpg;CIVICA NO. 5 (ED. BASICA);9789945123111;Grade-0;1500.000000;1687.5;10;1;	
2203;http://172.16.220.164/bookstore/img/p/0.jpg;CUADERNO DE LISA TOMAS Y SUS AMIGOS 5 - 3RO. TRIMESTRE (SCRIPT);9789945117769;Grade-5;520.000000;456.3;10;1;	
2264;http://172.16.220.164/bookstore/img/p/0.jpg;SOCIEDAD 2 TODOS JUNTOS;9789945119268;Grade-2;1.045000;0.92;0;1;	
2328;http://172.16.220.164/bookstore/img/p/0.jpg;EDUCACION ARTISTICA 3 TODOS JUNTOS;9789945190076;Grade-3;605.000000;530.89;0;1;	
2389;http://172.16.220.164/bookstore/img/p/0.jpg;CUADERNO SOCIEDAD 2 (2DO BACH) SERIE CORAL;9789945114577;Grade-10;395.000000;346.61;0;1;	
2453;http://172.16.220.164/bookstore/img/p/0.jpg;NUEVO ATLAS GEOG. DE LA REP. DOM. EL MUNDO;9789945111446;Grade-9;1.150000;1.01;0;1;	
448;http://172.16.220.164/bookstore/img/p/0.jpg;EL LAZARILLO DE TORMES (BIBLIOTECA SUSAETA);7467634947829;Grade-0;1500.000000;1687.5;10;1;	
308;http://172.16.220.164/bookstore/img/p/0.jpg;CALIGRAFIA Y ORTOGRAFIA  A B C (BACHILLERATO) AZUL;7467634940264;Grade-0;1500.000000;1687.5;10;1;	
454;http://172.16.220.164/bookstore/img/p/0.jpg;ENCUENTRO CON JESUS NO. 1;9789945121087;Grade-0;1500.000000;1687.5;10;1;	
311;http://172.16.220.164/bookstore/img/p/0.jpg;CALIGRAFIA Y ORTOGRAFIA ABC NO. 3;7467634943500;Grade-0;1500.000000;1687.5;10;1;	
599;http://172.16.220.164/bookstore/img/p/0.jpg;LEYENDAS DE AMERICA;7467634945535;Grade-0;1500.000000;1687.5;10;1;	
807;http://172.16.220.164/bookstore/img/p/0.jpg;TALLER DE ORTOGRAFIA NO. 1;7467634941667;Grade-0;1500.000000;1687.5;10;1;	
397;http://172.16.220.164/bookstore/img/p/0.jpg;EDUCACION ARTISTICA PARA LA VIDA NO. 1;9789945122534;Grade-0;1500.000000;1687.5;10;1;	
2238;http://172.16.220.164/bookstore/img/p/0.jpg;CUADERNO DE GUPI 5 - 2DO. TRIMESTRE (SCRIPT);9789945115932;Grade-5;415.000000;364.16;0;1;	
2299;http://172.16.220.164/bookstore/img/p/0.jpg;RELIGION 2 TODOS JUNTOS;9789945118704;Grade-2;590.000000;517.73;0;1;	
2363;http://172.16.220.164/bookstore/img/p/0.jpg;ANTOLOGIA LITERARIA 1;9789993487326;Grade-9;565.000000;495.79;0;1;	
2424;http://172.16.220.164/bookstore/img/p/0.jpg;EXPERIMENTOS DE BIOLOGIA 1 (1RO BACH) SERIE CORAL;9789945114324;Grade-9;285.000000;250.09;0;1;	
279;http://172.16.220.164/bookstore/img/p/0.jpg;ANTOLOGIA DEL CUENTO LATINOAMERICANO;7467634945641;Grade-0;1500.000000;1687.5;10;1;	
517;http://172.16.220.164/bookstore/img/p/0.jpg;FISICA MODERNA NO. 2;9789945122428;Grade-0;1500.000000;1687.5;10;1;	
689;http://172.16.220.164/bookstore/img/p/0.jpg;MIS FABULAS FAVORITAS RD;7467634946020;Grade-0;1500.000000;1687.5;10;1;	
343;http://172.16.220.164/bookstore/img/p/0.jpg;CIVICA NO. 8 (ED. BASICA);9789945123142;Grade-0;1500.000000;1687.5;10;1;	
2206;http://172.16.220.164/bookstore/img/p/0.jpg;CUADERNO DE ENTRE AMIGOS 3 - 3ER. TRIMESTRE;9789945190366;Grade-3;500.000000;438.75;10;1;	
2267;http://172.16.220.164/bookstore/img/p/0.jpg;NATURALEZA 2 TODOS JUNTOS;9789945119299;Grade-2;1.045000;0.92;0;1;	
2331;http://172.16.220.164/bookstore/img/p/0.jpg;EDUCACION ARTISTICA 3 SERIE CORAL;9789945115765;Grade-3;605.000000;530.89;0;1;	
2392;http://172.16.220.164/bookstore/img/p/0.jpg;EDUCACION CIVICA 1 MEDIA  SERIE INNOVA;9789945118438;Grade-9;785.000000;688.84;0;1;	
2456;http://172.16.220.164/bookstore/img/p/0.jpg;ATLAS HISTORICO DE LA REP. DOM. Y DEL MUNDO;9789945114645;Grade-12;1.150000;1.01;0;1;	
460;http://172.16.220.164/bookstore/img/p/0.jpg;ENCUENTRO CON JESUS NO. 4;9789945121117;Grade-0;1500.000000;1687.5;10;1;	
314;http://172.16.220.164/bookstore/img/p/0.jpg;CALIGRAFIA Y ORTOGRAFIA ABC NO. 6;7467634943531;Grade-0;1500.000000;1687.5;10;1;	
608;http://172.16.220.164/bookstore/img/p/0.jpg;MARIA;9789945120479;Grade-0;1500.000000;1687.5;10;1;	
818;http://172.16.220.164/bookstore/img/p/0.jpg;TALLER DE ORTOGRAFIA NO. 4;7467634941698;Grade-0;1500.000000;1687.5;10;1;	
403;http://172.16.220.164/bookstore/img/p/0.jpg;EDUCACION ARTISTICA PARA LA VIDA NO. 4;9789945122565;Grade-0;1500.000000;1687.5;10;1;	
2241;http://172.16.220.164/bookstore/img/p/0.jpg;LA MAGIA DE LAS LETRAS;9788482611945;Grade-3;415.000000;364.16;0;1;	
2366;http://172.16.220.164/bookstore/img/p/0.jpg;ANTOLOGIA LITERARIA 4;9789993487357;Grade-12;565.000000;495.79;0;1;	
2427;http://172.16.220.164/bookstore/img/p/0.jpg;EXPERIMENTOS DE QUIMICA 1 (1RO BACH) SERIE CORAL;9789945114492;Grade-9;285.000000;250.09;0;1;	
282;http://172.16.220.164/bookstore/img/p/0.jpg;APRENDO A ESCRIBIR CON MARIA Y MANUEL;9789945122145;Grade-0;1500.000000;1687.5;10;1;	
523;http://172.16.220.164/bookstore/img/p/0.jpg;FORJADORES DE LA PATRIA;9789945121971;Grade-0;1500.000000;1687.5;10;1;	
698;http://172.16.220.164/bookstore/img/p/0.jpg;MOTIVES! 2 - 6 GRADO CUADERNO DE TRABAJO;9789945122619;Grade-0;1500.000000;1687.5;10;1;	
346;http://172.16.220.164/bookstore/img/p/0.jpg;COLOR NO. 2;7467634943838;Grade-0;1500.000000;1687.5;10;1;	
2209;http://172.16.220.164/bookstore/img/p/0.jpg;CUADERNO DE ENTRE AMIGOS 4 - 3ER. TRIMESTRE;9789945190397;Grade-5;500.000000;438.75;10;1;	
2270;http://172.16.220.164/bookstore/img/p/0.jpg;EXPERIMENTOS NATURALEZA 8 SERIE INNOVA;9789945117998;Grade-8;415.000000;364.16;0;1;	
2334;http://172.16.220.164/bookstore/img/p/0.jpg;EDUCACION ARTISTICA 6 SERIE CORAL;9789945115796;Grade-6;605.000000;530.89;0;1;	
2395;http://172.16.220.164/bookstore/img/p/0.jpg;EDUCACION CIVICA 4 MEDIA  SERIE INNOVA;9789945118469;Grade-12;785.000000;688.84;0;1;	
2459;http://172.16.220.164/bookstore/img/p/0.jpg;ALGEBRA;9788429461251;Grade-12;1.625000;1.43;0;1;	
2462;http://172.16.220.164/bookstore/img/p/0.jpg;QUIMICA ORGANICA;9788429475326;Grade-11;1.625000;1.43;0;1;	
466;http://172.16.220.164/bookstore/img/p/0.jpg;ENCUENTRO CON JESUS NO. 7;9789945121148;Grade-0;1500.000000;1687.5;10;1;	
317;http://172.16.220.164/bookstore/img/p/0.jpg;CALIGRAFIA ORTOGRAFIA Y REDACCION NO. 1;9789945122824;Grade-0;1500.000000;1687.5;10;1;	
617;http://172.16.220.164/bookstore/img/p/0.jpg;MATEMATICA APLICADA NO. 03;9789945122480;Grade-0;1500.000000;1687.5;10;1;	
830;http://172.16.220.164/bookstore/img/p/0.jpg;TALLER DE ORTOGRAFIA NO. 7;7467634941728;Grade-0;1500.000000;1687.5;10;1;	
2244;http://172.16.220.164/bookstore/img/p/0.jpg;ORTOGRAFIA 1 SERIE INNOVA;9789945117387;Grade-1;490.000000;429.98;0;1;	
2369;http://172.16.220.164/bookstore/img/p/0.jpg;MATEMATICAS 2 (2DO. BACH.)  SERIE INNOVA;9789945118360;Grade-10;1.100000;0.97;0;1;	
2430;http://172.16.220.164/bookstore/img/p/0.jpg;EXPERIMENTOS DE FISICA 1 (2DO BACH) SERIE CORAL;9789945114249;Grade-9;285.000000;250.09;0;1;	
285;http://172.16.220.164/bookstore/img/p/0.jpg;ARCOIRIS NO. 01;9789945122435;Grade-0;1500.000000;1687.5;10;1;	
529;http://172.16.220.164/bookstore/img/p/0.jpg;FRANCES NO. 6 CUADERNO (C'ESTPARTI!);7467634947454;Grade-0;1500.000000;1687.5;10;1;	
707;http://172.16.220.164/bookstore/img/p/0.jpg;MOTIVES! 3 - 7 GRADO LIBRO DEL ALUMNO;9789945122527;Grade-0;1500.000000;1687.5;10;1;	
349;http://172.16.220.164/bookstore/img/p/0.jpg;CONVIVIR NO. 1;7467634944163;Grade-0;1500.000000;1687.5;10;1;	
2212;http://172.16.220.164/bookstore/img/p/0.jpg;CUADERNO DE ENTRE AMIGOS 5 - 3ER. TRIMESTRE;9789945190427;Grade-5;500.000000;438.75;10;1;	
2337;http://172.16.220.164/bookstore/img/p/0.jpg;PRUEBAS NACIONALES 8;9789993484127;Grade-8;535.000000;469.46;0;1;	
2398;http://172.16.220.164/bookstore/img/p/0.jpg;EDUCACION CIVICA 3 MEDIA SERIE CORAL;9789945114621;Grade-11;785.000000;688.84;0;1;	
2401;http://172.16.220.164/bookstore/img/p/0.jpg;BIOLOGIA 2 (2DO. BACH.)  SERIE INNOVA;9789945118506;Grade-10;940.000000;824.85;0;1;	
2465;http://172.16.220.164/bookstore/img/p/0.jpg;BIOLOGIA II;9788429473094;Grade-10;1.625000;1.43;0;1;	
472;http://172.16.220.164/bookstore/img/p/0.jpg;ESTUDIOS SOCIALES NO. 1 (SERIE QUISQUEYA);9789945122909;Grade-0;1500.000000;1687.5;10;1;	
320;http://172.16.220.164/bookstore/img/p/0.jpg;CALIGRAFIA ORTOGRAFIA Y REDACCION NO. 4;9789945122855;Grade-0;1500.000000;1687.5;10;1;	
626;http://172.16.220.164/bookstore/img/p/0.jpg;MATEMATICA APLICADA NO. 3;9789945121247;Grade-0;1500.000000;1687.5;10;1;	
839;http://172.16.220.164/bookstore/img/p/0.jpg;TIERRA FELIZ;7467634945955;Grade-0;1500.000000;1687.5;10;1;	
2247;http://172.16.220.164/bookstore/img/p/0.jpg;ORTOGRAFIA 4 SERIE INNOVA;9789945117417;Grade-4;490.000000;429.98;0;1;	
2433;http://172.16.220.164/bookstore/img/p/0.jpg;EDUCACION COMERCIAL SERIE CORAL;9789945115970;Grade-12;735.000000;644.96;0;1;	
408;http://172.16.220.164/bookstore/img/p/0.jpg;EDUCACION CIVICA NO. 3 (SERIE QUISQUEYA);9789945121858;Grade-0;1500.000000;1687.5;10;1;	
288;http://172.16.220.164/bookstore/img/p/0.jpg;ATLAS GEOGRAFICO ESTUDIANTIL;7467634946419;Grade-0;1500.000000;1687.5;10;1;	
535;http://172.16.220.164/bookstore/img/p/0.jpg;GEOGRAFIA E HISTORIA DOMINICANA NO. 3;9789945120608;Grade-0;1500.000000;1687.5;10;1;	
717;http://172.16.220.164/bookstore/img/p/0.jpg;MUJERCITAS;7467634945610;Grade-0;1500.000000;1687.5;10;1;	
352;http://172.16.220.164/bookstore/img/p/0.jpg;CONVIVIR NO. 4;7467634944194;Grade-0;1500.000000;1687.5;10;1;	
2215;http://172.16.220.164/bookstore/img/p/0.jpg;CUADERNO DE ENTRE AMIGOS 3 - 3ER. TRIMESTRE (SCRIPT);9789945190458;Grade-3;520.000000;456.3;0;1;	
2340;http://172.16.220.164/bookstore/img/p/0.jpg;SANTILLANA INTEGRAL 2;9788482618982;Grade-2;985.000000;864.34;0;1;	
2343;http://172.16.220.164/bookstore/img/p/0.jpg;CALIGRAFIA ORTOGRAFIA 1 INTEGRAL;9788482619170;Grade-1;275.000000;241.31;0;1;	
478;http://172.16.220.164/bookstore/img/p/0.jpg;ESTUDIOS SOCIALES NO. 4 (SERIE QUISQUEYA);9789945122954;Grade-0;1500.000000;1687.5;10;1;	
323;http://172.16.220.164/bookstore/img/p/0.jpg;CALIGRAFIA  ORTOGRAFIA Y REDACCION NO. 7;9789945122886;Grade-0;1500.000000;1687.5;10;1;	
635;http://172.16.220.164/bookstore/img/p/0.jpg;MATEMATICA APLICADA NO. 6;9789945121278;Grade-0;1500.000000;1687.5;10;1;	
2186;http://172.16.220.164/bookstore/img/p/0.jpg;CUADERNO DE LISA TOMAS Y SUS AMIGOS 3 - 1ER. TRIMESTRE;9789945117592;Grade-3;500.000000;438.75;10;1;	
2250;http://172.16.220.164/bookstore/img/p/0.jpg;ORTOGRAFIA 7 SERIE INNOVA;9789945117448;Grade-7;490.000000;429.98;0;1;	
2311;http://172.16.220.164/bookstore/img/p/0.jpg;ACTIVACION DEL PENSAMIENTO 3;9789945110999;Grade-3;545.000000;478.24;0;1;	
2436;http://172.16.220.164/bookstore/img/p/0.jpg;KIT INFORMATICA 2 MEDIA SERIE CORAL;9789945115475;Grade-10;680.000000;596.7;0;1;	
414;http://172.16.220.164/bookstore/img/p/0.jpg;EDUCACION PARA LA CIUDADANIA NO. 2;9789945121315;Grade-0;1500.000000;1687.5;10;1;	
291;http://172.16.220.164/bookstore/img/p/0.jpg;BIOLOGIA NO. 2 (SERIE QUISQUEYA);9789945121889;Grade-0;1500.000000;1687.5;10;1;	
543;http://172.16.220.164/bookstore/img/p/0.jpg;GRANDES POETAS CLASICOS HISPANOAMERICANOS;9789945122015;Grade-0;1500.000000;1687.5;10;1;	
728;http://172.16.220.164/bookstore/img/p/0.jpg;NUEVA ANTOLOGIA DE CUENTOS CARIBENOS;9789945121988;Grade-0;1500.000000;1687.5;10;1;	
357;http://172.16.220.164/bookstore/img/p/0.jpg;CREO NO. 01;7467634946860;Grade-0;1500.000000;1687.5;10;1;	
2218;http://172.16.220.164/bookstore/img/p/0.jpg;CUADERNO DE ENTRE AMIGOS 4 - 3RO. TRIMESTRE (SCRIPT);9789945190489;Grade-5;520.000000;456.3;0;1;	
2346;http://172.16.220.164/bookstore/img/p/0.jpg;CALIGRAFIA ORTOGRAFIA 4 INTEGRAL;9788482619200;Grade-4;275.000000;241.31;0;1;	
2407;http://172.16.220.164/bookstore/img/p/0.jpg;QUIMICA 2 (3ER BACH)  SERIE INNOVA;9789945118537;Grade-12;940.000000;824.85;0;1;	
484;http://172.16.220.164/bookstore/img/p/0.jpg;ESTUDIOS SOCIALES NO. 7 (SERIE QUISQUEYA);9789945122978;Grade-0;1500.000000;1687.5;10;1;	
326;http://172.16.220.164/bookstore/img/p/0.jpg;CARLITOS EMPIEZA A LEER;9789945121070;Grade-0;1500.000000;1687.5;10;1;	
643;http://172.16.220.164/bookstore/img/p/0.jpg;MATEMATICA NO. 1 (PENA GERALDINO);9789945122039;Grade-0;1500.000000;1687.5;10;1;	
2189;http://172.16.220.164/bookstore/img/p/0.jpg;CUADERNO DE LISA  TOMAS Y SUS AMIGOS 4 - 1ER TRIMESTRE;9789945117622;Grade-4;500.000000;438.75;10;1;	
2253;http://172.16.220.164/bookstore/img/p/0.jpg;CALIGRAFIA 2 SERIE INNOVA;9789945117479;Grade-2;490.000000;429.98;0;1;	
2314;http://172.16.220.164/bookstore/img/p/0.jpg;ACTIVACION DEL PENSAMIENTO 6;9789945111026;Grade-6;545.000000;478.24;0;1;	
2439;http://172.16.220.164/bookstore/img/p/0.jpg;EDUCACION SEXUAL 1RO. BACH.  (SERIE CORAL);9789945115703;Grade-9;680.000000;596.7;0;1;	
420;http://172.16.220.164/bookstore/img/p/0.jpg;EDUCACION PARA LA CIUDADANIA NO. 5;9789945121346;Grade-0;1500.000000;1687.5;10;1;	
294;http://172.16.220.164/bookstore/img/p/0.jpg;BLOCK INTEGRAL MULTIUSO MARILU;9789945121797;Grade-0;1500.000000;1687.5;10;1;	 
552;http://172.16.220.164/bookstore/img/p/0.jpg;JUAN PABLO DUARTE EL PADRE DE LA PATRIA;7467634947331;Grade-0;1500.000000;1687.5;10;1;	
739;http://172.16.220.164/bookstore/img/p/0.jpg;NUEVA AVENTURA NO. 03;9789945121599;Grade-0;1500.000000;1687.5;10;1;	
363;http://172.16.220.164/bookstore/img/p/0.jpg;CUENTOS DE AMERICA;7467634945504;Grade-0;1500.000000;1687.5;10;1;	
2221;http://172.16.220.164/bookstore/img/p/0.jpg;CUADERNO DE ENTRE AMIGOS 5 - 3RO. TRIMESTRE (SCRIPT);9789945190519;Grade-5;520.000000;456.3;0;1;	
2349;http://172.16.220.164/bookstore/img/p/0.jpg;CALIGRAFIA ORTOGRAFIA 7 INTEGRAL;9788482619231;Grade-7;275.000000;241.31;0;1;	
489;http://172.16.220.164/bookstore/img/p/0.jpg;FABULAS DE ESOPO;9789945122718;Grade-0;1500.000000;1687.5;10;1;	
329;http://172.16.220.164/bookstore/img/p/0.jpg;CIENCIAS NATURALES NO. 2 SERIE QUISQUEYA;9789945122206;Grade-0;1500.000000;1687.5;10;1;	
654;http://172.16.220.164/bookstore/img/p/0.jpg;MATEMATICA NO. 4 (PENA GERALDINO);9789945122060;Grade-0;1500.000000;1687.5;10;1;	
2192;http://172.16.220.164/bookstore/img/p/0.jpg;CUADERNO DE LISA TOMAS Y SUS AMIGOS 5 - 1ER. TRIMESTRE;9789945117653;Grade-5;500.000000;438.75;10;1;	
2317;http://172.16.220.164/bookstore/img/p/0.jpg;KIT INFORMATICA 3 TODOS JUNTOS;9789945118674;Grade-3;605.000000;530.89;0;1;	
2378;http://172.16.220.164/bookstore/img/p/0.jpg;CUAD. DE MATEMATICAS 3 (3ER. BACH.) SERIE CORAL;9789945114416;Grade-11;395.000000;346.61;0;1;	
2442;http://172.16.220.164/bookstore/img/p/0.jpg;EDUCACION SEXUAL 4TO.  BACH. (SERIE CORAL);9789945115734;Grade-12;680.000000;596.7;0;1;	
426;http://172.16.220.164/bookstore/img/p/0.jpg;EDUCACION PARA LA CIUDADANIA NO. 8;9789945121377;Grade-0;1500.000000;1687.5;10;1;	
297;http://172.16.220.164/bookstore/img/p/0.jpg;BUSCANDO A JESUS NO. 3;9789945122183;Grade-0;1500.000000;1687.5;10;1;	
561;http://172.16.220.164/bookstore/img/p/0.jpg;LA SANGRE UNA VIDA BAJO LA TIRANIA;9789945121681;Grade-0;1500.000000;1687.5;10;1;	
751;http://172.16.220.164/bookstore/img/p/0.jpg;PLAN DE VIDA Y OTROS TEXTOS INOLVIDABLES;7467634945603;Grade-0;1500.000000;1687.5;10;1;	
369;http://172.16.220.164/bookstore/img/p/0.jpg;DICCIONARIO BILINGUE MINI (ESPANOL-FRANCES) SUSAETA;9789945122398;Grade-0;1500.000000;1687.5;10;1;	
2224;http://172.16.220.164/bookstore/img/p/0.jpg;CUADERNO DE GUPI 3 - 3ER. TRIMESTRE;9789945113075;Grade-3;415.000000;364.16;0;1;	
2227;http://172.16.220.164/bookstore/img/p/0.jpg;CUADERNO DE GUPI 4 - 3ER. TRIMESTRE;9789945113105;Grade-5;415.000000;364.16;0;1;	
2288;http://172.16.220.164/bookstore/img/p/0.jpg;EDUCACION AFECTIVA Y SEXUAL 2 TODOS JUNTOS;9789945118681;Grade-2;590.000000;517.73;0;1;	
2352;http://172.16.220.164/bookstore/img/p/0.jpg;LENGUA Y LITERATURA 2 (2DO BACH) SERIE INNOVA;9789945118322;Grade-10;1.100000;0.97;0;1;	
2413;http://172.16.220.164/bookstore/img/p/0.jpg;FISICA 2 ( 4TO. BACH. )  SERIE INNOVA;9789945118483;Grade-10;940.000000;824.85;0;1;	
268;http://172.16.220.164/bookstore/img/p/0.jpg;AGENDA  DEL ESTUDIANTE DOMINICANO;7467634942053;Grade-0;1500.000000;1687.5;10;1;	
495;http://172.16.220.164/bookstore/img/p/0.jpg;FIREFLIES NO. 1 (CUADERNO);9786074261370;Grade-0;1500.000000;1687.5;10;1;	
332;http://172.16.220.164/bookstore/img/p/0.jpg;CIENCIAS NATURALES NO. 5 SERIE QUISQUEYA;9789945122312;Grade-0;1500.000000;1687.5;10;1;	
663;http://172.16.220.164/bookstore/img/p/0.jpg;MI CALIGRAFIA NACHO NO. 2;9789945122749;Grade-0;1500.000000;1687.5;10;1;	
2195;http://172.16.220.164/bookstore/img/p/0.jpg;CUADERNO DE LISA TOMAS Y SUS AMIGOS 3 - 1ER. TRIMESTRE (SCRIPT);9789945117684;Grade-3;520.000000;456.3;10;1;	
2256;http://172.16.220.164/bookstore/img/p/0.jpg;CALIGRAFIA 5 SERIE INNOVA;9789945117509;Grade-5;490.000000;429.98;0;1;	
2320;http://172.16.220.164/bookstore/img/p/0.jpg;KIT  INFORMATICA 3 SERIE CORAL & CD;9789945115406;Grade-3;605.000000;530.89;0;1;	
2381;http://172.16.220.164/bookstore/img/p/0.jpg;SOCIEDAD 2 (2DO BACH)  SERIE INNOVA;9789945118407;Grade-10;1.100000;0.97;0;1;	
2445;http://172.16.220.164/bookstore/img/p/0.jpg;EDUCACION ARTISTICA 3 MEDIA SERIE CORAL;9789945115840;Grade-11;810.000000;710.78;0;1;	
432;http://172.16.220.164/bookstore/img/p/0.jpg;EDUCACION SEXUAL NO. 3;9789945120998;Grade-0;1500.000000;1687.5;10;1;	
300;http://172.16.220.164/bookstore/img/p/0.jpg;CALIGRAFIA ABC NO. 02;7467634946396;Grade-0;1500.000000;1687.5;10;1;	
569;http://172.16.220.164/bookstore/img/p/0.jpg;LENGUA ESPANOLA NO. 2 (SERIE QUISQUEYA);9789945121612;Grade-0;1500.000000;1687.5;10;1;	
763;http://172.16.220.164/bookstore/img/p/0.jpg;PSICOMOTRICIDAD Y EXPRESION ARTISTICA NO. 03;7467634946778;Grade-0;1500.000000;1687.5;10;1;	
375;http://172.16.220.164/bookstore/img/p/0.jpg;DICCIONARIO ESTUDIANTIL DEL ESPANOL;9788430598472;Grade-0;1500.000000;1687.5;10;1;	
2230;http://172.16.220.164/bookstore/img/p/0.jpg;CUADERNO DE GUPI 5 - 3ER. TRIMESTRE;9789945113136;Grade-5;415.000000;364.16;0;1;	
2291;http://172.16.220.164/bookstore/img/p/0.jpg;EDUCACION SEXUAL 2 SERIE CORAL;9789945115635;Grade-2;590.000000;517.73;0;1;	
2416;http://172.16.220.164/bookstore/img/p/0.jpg;CUADERNO DE BIOLOGIA 1 (1RO BACH) SERIE CORAL;9789945114294;Grade-9;395.000000;346.61;0;1;	
271;http://172.16.220.164/bookstore/img/p/0.jpg;ABEJITAS NO. 02;9789945120776;Grade-0;1500.000000;1687.5;10;1;	
501;http://172.16.220.164/bookstore/img/p/0.jpg;FIREFLIES NO. 3;9786074261332;Grade-0;1500.000000;1687.5;10;1;	
335;http://172.16.220.164/bookstore/img/p/0.jpg;CIENCIAS NATURALES NO. 8 SERIE QUISQUEYA;9789945122343;Grade-0;1500.000000;1687.5;10;1;	
673;http://172.16.220.164/bookstore/img/p/0.jpg;MI CALIGRAFIA NACHO NO. 5;9789945122770;Grade-0;1500.000000;1687.5;10;1;	
2198;http://172.16.220.164/bookstore/img/p/0.jpg;CUADERNO DE LISA TOMAS Y SUS AMIGOS 4 - 1ER. TRIMESTRE (SCRIPT);9789945117714;Grade-4;520.000000;456.3;10;1;	
2259;http://172.16.220.164/bookstore/img/p/0.jpg;CALIGRAFIA 8 SERIE INNOVA;9789945117530;Grade-8;490.000000;429.98;0;1;	
2323;http://172.16.220.164/bookstore/img/p/0.jpg;KIT INFORMATICA 6 SERIE CORAL & CD;9789945115437;Grade-6;605.000000;530.89;0;1;	
438;http://172.16.220.164/bookstore/img/p/0.jpg;EDUCACION SEXUAL NO. 6;9789945121025;Grade-0;1500.000000;1687.5;10;1;	
303;http://172.16.220.164/bookstore/img/p/0.jpg;CALIGRAFIA INICIAL NO. 02;9789945123050;Grade-0;1500.000000;1687.5;10;1;	
576;http://172.16.220.164/bookstore/img/p/0.jpg;LENGUA ESPANOLA NO. 5 (SERIE QUISQUEYA);9789945121643;Grade-0;1500.000000;1687.5;10;1;	
775;http://172.16.220.164/bookstore/img/p/0.jpg;QUIMICA NO. 4 (SERIE QUISQUEYA);9789945121827;Grade-0;1500.000000;1687.5;10;1;	
381;http://172.16.220.164/bookstore/img/p/0.jpg;EDUCACION ARTISTICA NO. 1;9789945122237;Grade-0;1500.000000;1687.5;10;1;	
584;http://172.16.220.164/bookstore/img/p/0.jpg;LENGUA ESPANOLA NO. 8 (SERIE QUISQUEYA);9789945121674;Grade-0;1500.000000;1687.5;10;1;	
787;http://172.16.220.164/bookstore/img/p/0.jpg;RUFINITO;9789945121995;Grade-0;1500.000000;1687.5;10;1;	
387;http://172.16.220.164/bookstore/img/p/0.jpg;EDUCACION ARTISTICA NO. 4;9789945122268;Grade-0;1500.000000;1687.5;10;1;	
2233;http://172.16.220.164/bookstore/img/p/0.jpg;CUADERNO DE GUPI 3 - 3ER. TRIMESTRE (SCRIPT);9789945115888;Grade-3;415.000000;364.16;0;1;	
2294;http://172.16.220.164/bookstore/img/p/0.jpg;EDUCACION SEXUAL 5 SERIE CORAL;9789945115666;Grade-5;590.000000;517.73;0;1;	
2419;http://172.16.220.164/bookstore/img/p/0.jpg;CUADERNO DE QUIMICA 1 (1RO BACH) SERIE CORAL;9789945114461;Grade-12;395.000000;346.61;0;1;	
274;http://172.16.220.164/bookstore/img/p/0.jpg;ALL AROUND NO. 2;9786074261110;Grade-0;1500.000000;1687.5;10;1;	
507;http://172.16.220.164/bookstore/img/p/0.jpg;FIREFLIES NO. 4 (CUADERNO);9786074261400;Grade-0;1500.000000;1687.5;10;1;	
338;http://172.16.220.164/bookstore/img/p/0.jpg;CIVICA NO. 3 (ED. BASICA);9789945123098;Grade-0;1500.000000;1687.5;10;1;	
2201;http://172.16.220.164/bookstore/img/p/0.jpg;CUADERNO DE LISA TOMAS Y SUS AMIGOS 5 - 1ER. TRIMESTRE (SCRIPT);9789945117745;Grade-5;520.000000;456.3;10;1;	
2262;http://172.16.220.164/bookstore/img/p/0.jpg;MATEMATICAS 3 TODOS JUNTOS;9789945119244;Grade-3;1.045000;0.92;0;1;	
2326;http://172.16.220.164/bookstore/img/p/0.jpg;EDUCACION ARTISTICA 1 TODOS JUNTOS;9789945190052;Grade-1;605.000000;530.89;0;1;	
2451;http://172.16.220.164/bookstore/img/p/0.jpg;DICCIONARIO SANTILLANA PARA PRIMARIA;9789582411213;Grade-11;475.000000;416.81;0;1;	
444;http://172.16.220.164/bookstore/img/p/0.jpg;EL BURRITO PLATERO;7467634947539;Grade-0;1500.000000;1687.5;10;1;	
306;http://172.16.220.164/bookstore/img/p/0.jpg;CALIGRAFIA TU AMIGO NO. 1;7467634940240;Grade-0;1500.000000;1687.5;10;1;	
344;http://172.16.220.164/bookstore/img/p/3/9/39.jpg;COLOR NO. 0;7467634943814;Grade-0;1500.000000;1687.5;10;1;	
2303;http://172.16.220.164/bookstore/img/p/5/2/52.jpg;RELIGION 3 SERIE CORAL;9789945113907;Grade-3;590.000000;517.73;0;1;	
2271;http://172.16.220.164/bookstore/img/p/9/3/93.jpg;MIS LECTURAS 1 SERIE CORAL;9789945112894;Grade-1;485.000000;425.59;0;1;	
2306;http://172.16.220.164/bookstore/img/p/5/5/55.jpg;RELIGION 6 SERIE CORAL;9789945113938;Grade-6;590.000000;517.73;0;1;	
2274;http://172.16.220.164/bookstore/img/p/9/6/96.jpg;MIS LECTURAS 4 SERIE CORAL;9789945112924;Grade-4;485.000000;425.59;0;1;	
2277;http://172.16.220.164/bookstore/img/p/9/9/99.jpg;MIS LECTURAS 7 SERIE CORAL;9789945112955;Grade-7;485.000000;425.59;0;1;	
2405;http://172.16.220.164/bookstore/img/p/6/9/69.jpg;BIOLOGIA 3 (3ER. BACH.) SERIE CORAL;9789945114287;Grade-10;940.000000;824.85;0;1;	
2373;http://172.16.220.164/bookstore/img/p/6/4/64.jpg;MATEMATICAS 2 (2DO. BACH.) SERIE CORAL;9789945114362;Grade-10;1.100000;0.97;0;1;	
2280;http://172.16.220.164/bookstore/img/p/8/6/86.jpg;LECTURAS FUNCIONALES 2;9789945112412;Grade-2;485.000000;425.59;0;1;	
2283;http://172.16.220.164/bookstore/img/p/8/9/89.jpg;LECTURAS FUNCIONALES 5;9789945112443;Grade-5;485.000000;425.59;0;1;	
2286;http://172.16.220.164/bookstore/img/p/9/2/92.jpg;LECTURAS FUNCIONALES 8;9789945112474;Grade-8;485.000000;425.59;0;1;	
2411;http://172.16.220.164/bookstore/img/p/7/6/76.jpg;QUIMICA 3 (4TO BACH) SERIE CORAL;9789945114454;Grade-12;940.000000;824.85;0;1;	
2414;http://172.16.220.164/bookstore/img/p/7/2/72.jpg;FISICA 1 ( 2DO. BACH. ) SERIE CORAL;9789945114201;Grade-11;940.000000;824.85;0;1;	
2356;http://172.16.220.164/bookstore/img/p/5/9/59.jpg;LENGUA Y LITERATURA 2 (2DO BACH) SERIE CORAL;9789945114133;Grade-10;1.100000;0.97;0;1;	
2385;http://172.16.220.164/bookstore/img/p/1/0/2/102.jpg;SOCIEDAD 2 (2DO BACH) SERIE CORAL;9789945114539;Grade-10;1.100000;0.97;0;1;	
2449;http://172.16.220.164/bookstore/img/p/7/9/79.jpg;RELIGION 3 (3RO BACH) SERIE CORAL;9789945113983;Grade-11;695.000000;609.86;0;1;	
2301;http://172.16.220.164/bookstore/img/p/5/0/50.jpg;RELIGION 1 SERIE CORAL;9789945113884;Grade-1;590.000000;517.73;0;1;	
2304;http://172.16.220.164/bookstore/img/p/5/3/53.jpg;RELIGION 4 SERIE CORAL;9789945113914;Grade-4;590.000000;517.73;0;1;	
2272;http://172.16.220.164/bookstore/img/p/9/4/94.jpg;MIS LECTURAS 2 SERIE CORAL;9789945112900;Grade-2;485.000000;425.59;0;1;	
2307;http://172.16.220.164/bookstore/img/p/5/6/56.jpg;RELIGION 7 SERIE CORAL;9789945113945;Grade-7;590.000000;517.73;0;1;	
2275;http://172.16.220.164/bookstore/img/p/9/7/97.jpg;MIS LECTURAS 5 SERIE CORAL;9789945112931;Grade-5;485.000000;425.59;0;1;	
2403;http://172.16.220.164/bookstore/img/p/6/7/67.jpg;BIOLOGIA 1 (1ER. BACH.) SERIE CORAL;9789945114263;Grade-12;940.000000;824.85;0;1;	
2278;http://172.16.220.164/bookstore/img/p/1/0/0/100.jpg;MIS LECTURAS 8 SERIE CORAL;9789945112962;Grade-8;485.000000;425.59;0;1;	
2374;http://172.16.220.164/bookstore/img/p/6/5/65.jpg;MATEMATICAS 3 (3ER. BACH.) SERIE CORAL;9789945114379;Grade-11;1.100000;0.97;0;1;	
2281;http://172.16.220.164/bookstore/img/p/8/7/87.jpg;LECTURAS FUNCIONALES 3;9789945112429;Grade-3;485.000000;425.59;0;1;	
2284;http://172.16.220.164/bookstore/img/p/9/0/90.jpg;LECTURAS FUNCIONALES 6;9789945112450;Grade-6;485.000000;425.59;0;1;	
2409;http://172.16.220.164/bookstore/img/p/7/4/74.jpg;QUIMICA 1 (1ER BACH) SERIE CORAL;9789945114430;Grade-10;940.000000;824.85;0;1;	
135;http://172.16.220.164/bookstore/img/p/4/8/48.jpg;KIT INFORMATICA 6 SERIE CORAL & CD;9789945115437;Grade-6;605.000000;605;0;1;	
2290;http://172.16.220.164/bookstore/img/p/4/9/49.jpg;EDUCACION SEXUAL 1 SERIE CORAL;9789945115628;Grade-1;590.000000;517.73;0;1;	
2415;http://172.16.220.164/bookstore/img/p/7/3/73.jpg;FISICA 2 ( 4TO. BACH. ) SERIE CORAL;9789945114218;Grade-12;940.000000;824.85;0;1;	
2447;http://172.16.220.164/bookstore/img/p/7/7/77.jpg;RELIGION 1 (1ER BACH) SERIE CORAL;9789945113969;Grade-9;695.000000;609.86;0;1;	
2357;http://172.16.220.164/bookstore/img/p/6/0/60.jpg;LENGUA Y LITERATURA 3 (3ER BACH) SERIE CORAL;9789945114140;Grade-11;1.100000;0.97;0;1;	
2386;http://172.16.220.164/bookstore/img/p/1/0/3/103.jpg;SOCIEDAD 3 (3ER BACH) SERIE CORAL;9789945114546;Grade-11;1.100000;0.97;0;1;	
2450;http://172.16.220.164/bookstore/img/p/8/0/80.jpg;RELIGION 4 (4TO BACH) SERIE CORAL;9789945113990;Grade-12;695.000000;609.86;0;1;	
2302;http://172.16.220.164/bookstore/img/p/5/1/51.jpg;RELIGION 2 SERIE CORAL;9789945113891;Grade-2;590.000000;517.73;0;1;	
2305;http://172.16.220.164/bookstore/img/p/5/4/54.jpg;RELIGION 5 SERIE CORAL;9789945113921;Grade-5;590.000000;517.73;0;1;	
2273;http://172.16.220.164/bookstore/img/p/9/5/95.jpg;MIS LECTURAS 3 SERIE CORAL;9789945112917;Grade-3;485.000000;425.59;0;1;	
2308;http://172.16.220.164/bookstore/img/p/5/7/57.jpg;RELIGION 8 SERIE CORAL;9789945113952;Grade-8;590.000000;517.73;0;1;	
2276;http://172.16.220.164/bookstore/img/p/9/8/98.jpg;MIS LECTURAS 6 SERIE CORAL;9789945112948;Grade-6;485.000000;425.59;0;1;	
2404;http://172.16.220.164/bookstore/img/p/6/8/68.jpg;BIOLOGIA 2 (2DO. BACH.) SERIE CORAL;9789945114270;Grade-9;940.000000;824.85;0;1;	
2372;http://172.16.220.164/bookstore/img/p/6/3/63.jpg;MATEMATICAS 1 (1ER. BACH.) SERIE CORAL;9789945114355;Grade-9;1.100000;0.97;0;1;	
2279;http://172.16.220.164/bookstore/img/p/8/5/85.jpg;LECTURAS FUNCIONALES 1;9789945112405;Grade-1;485.000000;425.59;0;1;	
2375;http://172.16.220.164/bookstore/img/p/6/6/66.jpg;MATEMATICAS 4 (4TO. BACH.) SERIE CORAL;9789945114386;Grade-12;1.100000;0.97;0;1;	
2282;http://172.16.220.164/bookstore/img/p/8/8/88.jpg;LECTURAS FUNCIONALES 4;9789945112436;Grade-4;485.000000;425.59;0;1;	
2285;http://172.16.220.164/bookstore/img/p/9/1/91.jpg;LECTURAS FUNCIONALES 7;9789945112467;Grade-7;485.000000;425.59;0;1;	
2410;http://172.16.220.164/bookstore/img/p/7/5/75.jpg;QUIMICA 2 (3ER BACH) SERIE CORAL;9789945114447;Grade-11;940.000000;824.85;0;1;	
35;http://172.16.220.164/bookstore/img/p/3/4/34.jpg;One Hundred Years of Solitude (International Writers);9780140157512;;0.000000;0;;0;	
2355;http://172.16.220.164/bookstore/img/p/5/8/58.jpg;LENGUA Y LITERATURA 1 (1ER BACH) SERIE CORAL;9789945114126;Grade-9;1.100000;0.97;0;1;	
2384;http://172.16.220.164/bookstore/img/p/1/0/1/101.jpg;SOCIEDAD 1 (1ER BACH) SERIE CORAL;9789945114522;Grade-9;1.100000;0.97;0;1;	
2448;http://172.16.220.164/bookstore/img/p/7/8/78.jpg;RELIGION 2 (2DO BACH) SERIE CORAL;9789945113976;Grade-10;695.000000;609.86;0;1;	
2358;http://172.16.220.164/bookstore/img/p/6/1/61.jpg;LENGUA Y LITERATURA 4 (4TO BACH) SERIE CORAL;9789945114157;Grade-12;1.100000;0.97;0;1;	
2387;http://172.16.220.164/bookstore/img/p/1/0/4/104.jpg;SOCIEDAD 4 (4TO BACH) SERIE CORAL;9789945114553;Grade-12;1.100000;0.97;0;1;	
